,2023-07-15,2023-07-22,2023-07-29,2023-08-05,2023-08-12,2023-08-19,2023-08-26,2023-09-02,2023-09-09,2023-09-16,2023-09-23,2023-09-30,2023-10-07,2023-10-14,2023-10-21,2023-10-28,2023-11-04,2023-11-11,2023-11-18,2023-11-25,2023-12-02,2023-12-09,2023-12-16,2023-12-23,2023-12-30,2024-01-06,2024-01-13,2024-01-20,2024-01-27,2024-02-03,2024-02-10,2024-02-17,2024-02-24,2024-03-02,2024-03-09,2024-03-16,2024-03-23,2024-03-30,2024-04-06,2024-04-13,2024-04-20,2024-04-27,2024-05-04,2024-05-11,2024-05-18,2024-05-25,2024-06-01,2024-06-08,2024-06-15,2024-06-22,2024-06-29
0,SUL AMERICA,SUL AMERICA,SUL AMERICA,SUL AMERICA,SUL AMERICA,SUL AMERICA,SUL AMERICA,SUL AMERICA,SUL AMERICA,SUL AMERICA,SUL AMERICA,SUL AMERICA,SUL AMERICA,SUL AMERICA,SUL AMERICA,SUL AMERICA,SUL AMERICA,SUL AMERICA,SUL AMERICA,SUL AMERICA,SUL AMERICA,SUL AMERICA,SUL AMERICA,F,F,SUL AMERICA,SUL AMERICA,SUL AMERICA,SUL AMERICA,SUL AMERICA,SUL AMERICA,SUL AMERICA,SUL AMERICA,SUL AMERICA,SUL AMERICA,SUL AMERICA,SUL AMERICA,REDE DOR,SUL AMERICA,SUL AMERICA,SUL AMERICA,SUL AMERICA,SUL AMERICA,SUL AMERICA,SUL AMERICA,SUL AMERICA,SUL AMERICA,SUL AMERICA,F,F,SUL AMERICA
1,SUL AMERICA,SUL AMERICA,SUL AMERICA,SUL AMERICA,SUL AMERICA,SUL AMERICA,SUL AMERICA,SUL AMERICA,SUL AMERICA,SUL AMERICA,SUL AMERICA,SUL AMERICA,SUL AMERICA,SUL AMERICA,SUL AMERICA,SUL AMERICA,SUL AMERICA,SUL AMERICA,SUL AMERICA,SUL AMERICA,SUL AMERICA,SUL AMERICA,SUL AMERICA,F,F,SUL AMERICA,SUL AMERICA,SUL AMERICA,SUL AMERICA,SUL AMERICA,SUL AMERICA,SUL AMERICA,SUL AMERICA,SUL AMERICA,SUL AMERICA,SUL AMERICA,SUL AMERICA,REDE DOR,SUL AMERICA,SUL AMERICA,SUL AMERICA,SUL AMERICA,SUL AMERICA,SUL AMERICA,SUL AMERICA,SUL AMERICA,SUL AMERICA,SUL AMERICA,F,F,SUL AMERICA
2,SUL AMERICA,SUL AMERICA,SUL AMERICA,SUL AMERICA,SUL AMERICA,SUL AMERICA,SUL AMERICA,SUL AMERICA,SUL AMERICA,SUL AMERICA,SUL AMERICA,SUL AMERICA,SUL AMERICA,SUL AMERICA,SUL AMERICA,SUL AMERICA,SUL AMERICA,SUL AMERICA,SUL AMERICA,SUL AMERICA,SUL AMERICA,SUL AMERICA,SUL AMERICA,F,F,SUL AMERICA,SUL AMERICA,SUL AMERICA,SUL AMERICA,SUL AMERICA,SUL AMERICA,SUL AMERICA,SUL AMERICA,SUL AMERICA,SUL AMERICA,SUL AMERICA,SUL AMERICA,REDE DOR,SUL AMERICA,SUL AMERICA,SUL AMERICA,SUL AMERICA,SUL AMERICA,SUL AMERICA,SUL AMERICA,SUL AMERICA,SUL AMERICA,SUL AMERICA,F,F,SUL AMERICA
3,REDE DOR,REDE DOR,REDE DOR,REDE DOR,REDE DOR,REDE DOR,REDE DOR,REDE DOR,REDE DOR,REDE DOR,REDE DOR,REDE DOR,REDE DOR,REDE DOR,REDE DOR,REDE DOR,REDE DOR,REDE DOR,REDE DOR,REDE DOR,REDE DOR,REDE DOR,REDE DOR,F,F,REDE DOR,REDE DOR,REDE DOR,REDE DOR,REDE DOR,REDE DOR,REDE DOR,REDE DOR,REDE DOR,REDE DOR,REDE DOR,REDE DOR,TIM,REDE DOR,REDE DOR,REDE DOR,REDE DOR,REDE DOR,REDE DOR,REDE DOR,REDE DOR,REDE DOR,REDE DOR,F,F,REDE DOR
4,REDE DOR,REDE DOR,REDE DOR,REDE DOR,REDE DOR,REDE DOR,REDE DOR,REDE DOR,REDE DOR,REDE DOR,REDE DOR,REDE DOR,REDE DOR,REDE DOR,REDE DOR,REDE DOR,REDE DOR,REDE DOR,REDE DOR,REDE DOR,REDE DOR,REDE DOR,REDE DOR,F,F,REDE DOR,REDE DOR,REDE DOR,REDE DOR,REDE DOR,REDE DOR,REDE DOR,REDE DOR,REDE DOR,REDE DOR,REDE DOR,REDE DOR,TIM,REDE DOR,REDE DOR,REDE DOR,REDE DOR,REDE DOR,REDE DOR,REDE DOR,REDE DOR,REDE DOR,REDE DOR,F,F,REDE DOR
5,REDE DOR,REDE DOR,REDE DOR,REDE DOR,REDE DOR,REDE DOR,REDE DOR,REDE DOR,REDE DOR,REDE DOR,REDE DOR,REDE DOR,REDE DOR,REDE DOR,REDE DOR,REDE DOR,REDE DOR,REDE DOR,REDE DOR,REDE DOR,REDE DOR,REDE DOR,REDE DOR,F,F,REDE DOR,REDE DOR,REDE DOR,REDE DOR,REDE DOR,REDE DOR,REDE DOR,REDE DOR,REDE DOR,REDE DOR,REDE DOR,REDE DOR,TIM,REDE DOR,REDE DOR,REDE DOR,REDE DOR,REDE DOR,REDE DOR,REDE DOR,REDE DOR,REDE DOR,REDE DOR,F,F,REDE DOR
6,TIM,TIM,TIM,TIM,TIM,TIM,TIM,TIM,TIM,TIM,TIM,TIM,TIM,TIM,TIM,TIM,TIM,TIM,TIM,TIM,TIM,TIM,TIM,F,F,TIM,TIM,TIM,TIM,TIM,TIM,TIM,TIM,TIM,TIM,TIM,TIM,GLOBO - GLOBO,TIM,TIM,TIM,TIM,TIM,TIM,TIM,TIM,TIM,TIM,F,F,TIM
7,TIM,TIM,TIM,TIM,TIM,TIM,TIM,TIM,TIM,TIM,TIM,TIM,TIM,TIM,TIM,TIM,TIM,TIM,TIM,TIM,TIM,TIM,TIM,F,F,TIM,TIM,TIM,TIM,TIM,TIM,TIM,TIM,TIM,TIM,TIM,TIM,GLOBO - GLOBO,TIM,TIM,TIM,TIM,TIM,TIM,TIM,TIM,TIM,TIM,F,F,TIM
8,TIM,TIM,TIM,TIM,TIM,TIM,TIM,TIM,TIM,TIM,TIM,TIM,TIM,TIM,TIM,TIM,TIM,TIM,TIM,TIM,TIM,TIM,TIM,F,F,TIM,TIM,TIM,TIM,TIM,TIM,TIM,TIM,TIM,TIM,TIM,TIM,GLOBO - GLOBO,TIM,TIM,TIM,TIM,TIM,TIM,TIM,TIM,TIM,TIM,F,F,TIM
9,GLOBO - GLOBO,GLOBO - GLOBO,GLOBO - GLOBO,GLOBO - GLOBO,GLOBO - GLOBO,GLOBO - GLOBO,GLOBO - GLOBO,GLOBO - GLOBO,GLOBO - GLOBO,GLOBO - GLOBO,GLOBO - GLOBO,GLOBO - GLOBO,GLOBO - GLOBO,GLOBO - GLOBO,GLOBO - GLOBO,GLOBO - GLOBO,GLOBO - GLOBO,GLOBO - GLOBO,GLOBO - GLOBO,GLOBO - GLOBO,GLOBO - GLOBO,GLOBO - GLOBO,GLOBO - GLOBO,F,F,GLOBO - GLOBO,GLOBO - GLOBO,GLOBO - GLOBO,GLOBO - GLOBO,GLOBO - GLOBO,GLOBO - GLOBO,GLOBO - GLOBO,GLOBO - GLOBO,GLOBO - GLOBO,GLOBO - GLOBO,GLOBO - GLOBO,GLOBO - GLOBO,BROOKFIELD ENERGY (ELERA),GLOBO - GLOBO,GLOBO - GLOBO,GLOBO - GLOBO,GLOBO - GLOBO,GLOBO - GLOBO,GLOBO - GLOBO,GLOBO - GLOBO,GLOBO - GLOBO,GLOBO - GLOBO,GLOBO - GLOBO,F,F,GLOBO - GLOBO
10,GLOBO - GLOBO,GLOBO - GLOBO,GLOBO - GLOBO,GLOBO - GLOBO,GLOBO - GLOBO,GLOBO - GLOBO,GLOBO - GLOBO,GLOBO - GLOBO,GLOBO - GLOBO,GLOBO - GLOBO,GLOBO - GLOBO,GLOBO - GLOBO,GLOBO - GLOBO,GLOBO - GLOBO,GLOBO - GLOBO,GLOBO - GLOBO,GLOBO - GLOBO,GLOBO - GLOBO,GLOBO - GLOBO,GLOBO - GLOBO,GLOBO - GLOBO,GLOBO - GLOBO,GLOBO - GLOBO,F,F,GLOBO - GLOBO,GLOBO - GLOBO,GLOBO - GLOBO,GLOBO - GLOBO,GLOBO - GLOBO,GLOBO - GLOBO,GLOBO - GLOBO,GLOBO - GLOBO,GLOBO - GLOBO,GLOBO - GLOBO,GLOBO - GLOBO,GLOBO - GLOBO,BROOKFIELD ENERGY (ELERA),GLOBO - GLOBO,GLOBO - GLOBO,GLOBO - GLOBO,GLOBO - GLOBO,GLOBO - GLOBO,GLOBO - GLOBO,GLOBO - GLOBO,GLOBO - GLOBO,GLOBO - GLOBO,GLOBO - GLOBO,F,F,GLOBO - GLOBO
11,GLOBO - GLOBO,GLOBO - GLOBO,GLOBO - GLOBO,GLOBO - GLOBO,GLOBO - GLOBO,GLOBO - GLOBO,GLOBO - GLOBO,GLOBO - GLOBO,GLOBO - GLOBO,GLOBO - GLOBO,GLOBO - GLOBO,GLOBO - GLOBO,GLOBO - GLOBO,GLOBO - GLOBO,GLOBO - GLOBO,GLOBO - GLOBO,GLOBO - GLOBO,GLOBO - GLOBO,GLOBO - GLOBO,GLOBO - GLOBO,GLOBO - GLOBO,GLOBO - GLOBO,GLOBO - GLOBO,F,F,GLOBO - GLOBO,GLOBO - GLOBO,GLOBO - GLOBO,GLOBO - GLOBO,GLOBO - GLOBO,GLOBO - GLOBO,GLOBO - GLOBO,GLOBO - GLOBO,GLOBO - GLOBO,GLOBO - GLOBO,GLOBO - GLOBO,GLOBO - GLOBO,BROOKFIELD ENERGY (ELERA),GLOBO - GLOBO,GLOBO - GLOBO,GLOBO - GLOBO,GLOBO - GLOBO,GLOBO - GLOBO,GLOBO - GLOBO,GLOBO - GLOBO,GLOBO - GLOBO,GLOBO - GLOBO,GLOBO - GLOBO,F,F,GLOBO - GLOBO
12,BROOKFIELD ENERGY (ELERA),BROOKFIELD ENERGY (ELERA),BROOKFIELD ENERGY (ELERA),BROOKFIELD ENERGY (ELERA),BROOKFIELD ENERGY (ELERA),BROOKFIELD ENERGY (ELERA),BROOKFIELD ENERGY (ELERA),BROOKFIELD ENERGY (ELERA),BROOKFIELD ENERGY (ELERA),BROOKFIELD ENERGY (ELERA),BROOKFIELD ENERGY (ELERA),BROOKFIELD ENERGY (ELERA),BROOKFIELD ENERGY (ELERA),BROOKFIELD ENERGY (ELERA),BROOKFIELD ENERGY (ELERA),BROOKFIELD ENERGY (ELERA),BROOKFIELD ENERGY (ELERA),BROOKFIELD ENERGY (ELERA),BROOKFIELD ENERGY (ELERA),BROOKFIELD ENERGY (ELERA),BROOKFIELD ENERGY (ELERA),BROOKFIELD ENERGY (ELERA),BROOKFIELD ENERGY (ELERA),F,F,BROOKFIELD ENERGY (ELERA),BROOKFIELD ENERGY (ELERA),BROOKFIELD ENERGY (ELERA),BROOKFIELD ENERGY (ELERA),BROOKFIELD ENERGY (ELERA),BROOKFIELD ENERGY (ELERA),BROOKFIELD ENERGY (ELERA),BROOKFIELD ENERGY (ELERA),BROOKFIELD ENERGY (ELERA),BROOKFIELD ENERGY (ELERA),BROOKFIELD ENERGY (ELERA),BROOKFIELD ENERGY (ELERA),VALID,BROOKFIELD ENERGY (ELERA),BROOKFIELD ENERGY (ELERA),BROOKFIELD ENERGY (ELERA),BROOKFIELD ENERGY (ELERA),BROOKFIELD ENERGY (ELERA),BROOKFIELD ENERGY (ELERA),BROOKFIELD ENERGY (ELERA),BROOKFIELD ENERGY (ELERA),BROOKFIELD ENERGY (ELERA),BROOKFIELD ENERGY (ELERA),F,F,BROOKFIELD ENERGY (ELERA)
13,BROOKFIELD ENERGY (ELERA),BROOKFIELD ENERGY (ELERA),BROOKFIELD ENERGY (ELERA),BROOKFIELD ENERGY (ELERA),BROOKFIELD ENERGY (ELERA),BROOKFIELD ENERGY (ELERA),BROOKFIELD ENERGY (ELERA),BROOKFIELD ENERGY (ELERA),BROOKFIELD ENERGY (ELERA),BROOKFIELD ENERGY (ELERA),BROOKFIELD ENERGY (ELERA),BROOKFIELD ENERGY (ELERA),BROOKFIELD ENERGY (ELERA),BROOKFIELD ENERGY (ELERA),BROOKFIELD ENERGY (ELERA),BROOKFIELD ENERGY (ELERA),BROOKFIELD ENERGY (ELERA),BROOKFIELD ENERGY (ELERA),BROOKFIELD ENERGY (ELERA),BROOKFIELD ENERGY (ELERA),BROOKFIELD ENERGY (ELERA),BROOKFIELD ENERGY (ELERA),BROOKFIELD ENERGY (ELERA),F,F,BROOKFIELD ENERGY (ELERA),BROOKFIELD ENERGY (ELERA),BROOKFIELD ENERGY (ELERA),BROOKFIELD ENERGY (ELERA),BROOKFIELD ENERGY (ELERA),BROOKFIELD ENERGY (ELERA),BROOKFIELD ENERGY (ELERA),BROOKFIELD ENERGY (ELERA),BROOKFIELD ENERGY (ELERA),BROOKFIELD ENERGY (ELERA),BROOKFIELD ENERGY (ELERA),BROOKFIELD ENERGY (ELERA),PETRORIO,BROOKFIELD ENERGY (ELERA),BROOKFIELD ENERGY (ELERA),BROOKFIELD ENERGY (ELERA),BROOKFIELD ENERGY (ELERA),BROOKFIELD ENERGY (ELERA),BROOKFIELD ENERGY (ELERA),BROOKFIELD ENERGY (ELERA),BROOKFIELD ENERGY (ELERA),BROOKFIELD ENERGY (ELERA),BROOKFIELD ENERGY (ELERA),F,F,BROOKFIELD ENERGY (ELERA)
14,BROOKFIELD ENERGY (ELERA),BROOKFIELD ENERGY (ELERA),BROOKFIELD ENERGY (ELERA),BROOKFIELD ENERGY (ELERA),BROOKFIELD ENERGY (ELERA),BROOKFIELD ENERGY (ELERA),BROOKFIELD ENERGY (ELERA),BROOKFIELD ENERGY (ELERA),BROOKFIELD ENERGY (ELERA),BROOKFIELD ENERGY (ELERA),BROOKFIELD ENERGY (ELERA),BROOKFIELD ENERGY (ELERA),BROOKFIELD ENERGY (ELERA),BROOKFIELD ENERGY (ELERA),BROOKFIELD ENERGY (ELERA),BROOKFIELD ENERGY (ELERA),BROOKFIELD ENERGY (ELERA),BROOKFIELD ENERGY (ELERA),BROOKFIELD ENERGY (ELERA),BROOKFIELD ENERGY (ELERA),BROOKFIELD ENERGY (ELERA),BROOKFIELD ENERGY (ELERA),BROOKFIELD ENERGY (ELERA),F,F,BROOKFIELD ENERGY (ELERA),BROOKFIELD ENERGY (ELERA),BROOKFIELD ENERGY (ELERA),BROOKFIELD ENERGY (ELERA),BROOKFIELD ENERGY (ELERA),BROOKFIELD ENERGY (ELERA),BROOKFIELD ENERGY (ELERA),BROOKFIELD ENERGY (ELERA),BROOKFIELD ENERGY (ELERA),BROOKFIELD ENERGY (ELERA),BROOKFIELD ENERGY (ELERA),BROOKFIELD ENERGY (ELERA),ÁGUAS DO BRASIL,BROOKFIELD ENERGY (ELERA),BROOKFIELD ENERGY (ELERA),BROOKFIELD ENERGY (ELERA),BROOKFIELD ENERGY (ELERA),BROOKFIELD ENERGY (ELERA),BROOKFIELD ENERGY (ELERA),BROOKFIELD ENERGY (ELERA),BROOKFIELD ENERGY (ELERA),BROOKFIELD ENERGY (ELERA),BROOKFIELD ENERGY (ELERA),F,F,BROOKFIELD ENERGY (ELERA)
15,VALID,VALID,VALID,PETRORIO,VALID,VALID,VALID,VALID,VALID,PETRORIO,PETRORIO,PETRORIO,ÁGUAS DO BRASIL,VALID,VALID,VALID,VALID,VALID,VALID,VALID,VALID,VALID,VALID,F,F,VALID,VALID,VALID,VALID,VALID,VALID,VALID,VALID,VALID,VALID,VALID,VALID,HAZTEC (ORIZON),VALID,VALID,VALID,VALID,VALID,VALID,VALID,VALID,PETRORIO,PETRORIO,F,F,PETRORIO
16,ÁGUAS DO BRASIL,ÁGUAS DO BRASIL,PETRORIO,HAZTEC (ORIZON),PETRORIO,HAZTEC (ORIZON),HAZTEC (ORIZON),PETRORIO,PETRORIO,HAZTEC (ORIZON),ÁGUAS DO BRASIL,ÁGUAS DO BRASIL,NISSAN,PETRORIO,PETRORIO,PETRORIO,PETRORIO,PETRORIO,PETRORIO,PETRORIO,PETRORIO,PETRORIO,PETRORIO,F,F,PETRORIO,PETRORIO,PETRORIO,PETRORIO,PETRORIO,PETRORIO,PETRORIO,PETRORIO,PETRORIO,PETRORIO,PETRORIO,PETRORIO,NISSAN,ÁGUAS DO BRASIL,PETRORIO,PETRORIO,PETRORIO,ÁGUAS DO BRASIL,ÁGUAS DO BRASIL,PETRORIO,PETRORIO,HAZTEC (ORIZON),HAZTEC (ORIZON),F,F,HAZTEC (ORIZON)
17,NISSAN,NISSAN,ÁGUAS DO BRASIL,SOTREQ,HAZTEC (ORIZON),SOTREQ,SOTREQ,HAZTEC (ORIZON),HAZTEC (ORIZON),SOTREQ,NISSAN,NISSAN,SHELL/BG,ÁGUAS DO BRASIL,ÁGUAS DO BRASIL,ÁGUAS DO BRASIL,ÁGUAS DO BRASIL,ÁGUAS DO BRASIL,ÁGUAS DO BRASIL,ÁGUAS DO BRASIL,ÁGUAS DO BRASIL,ÁGUAS DO BRASIL,ÁGUAS DO BRASIL,F,F,ÁGUAS DO BRASIL,ÁGUAS DO BRASIL,ÁGUAS DO BRASIL,ÁGUAS DO BRASIL,ÁGUAS DO BRASIL,ÁGUAS DO BRASIL,ÁGUAS DO BRASIL,ÁGUAS DO BRASIL,ÁGUAS DO BRASIL,ÁGUAS DO BRASIL,ÁGUAS DO BRASIL,ÁGUAS DO BRASIL,SOTREQ,NISSAN,ÁGUAS DO BRASIL,ÁGUAS DO BRASIL,ÁGUAS DO BRASIL,HAZTEC (ORIZON),HAZTEC (ORIZON),ÁGUAS DO BRASIL,ÁGUAS DO BRASIL,SOTREQ,SOTREQ,F,F,SOTREQ
18,SHELL/BG,SHELL/BG,HAZTEC (ORIZON),GLOBENET (VTAL),SOTREQ,GLOBENET (VTAL),GLOBENET (VTAL),SOTREQ,SOTREQ,GLOBENET (VTAL),SHELL/BG,SHELL/BG,GRUPO SOMA,HAZTEC (ORIZON),HAZTEC (ORIZON),HAZTEC (ORIZON),HAZTEC (ORIZON),HAZTEC (ORIZON),HAZTEC (ORIZON),HAZTEC (ORIZON),HAZTEC (ORIZON),HAZTEC (ORIZON),HAZTEC (ORIZON),F,F,HAZTEC (ORIZON),HAZTEC (ORIZON),HAZTEC (ORIZON),HAZTEC (ORIZON),HAZTEC (ORIZON),HAZTEC (ORIZON),HAZTEC (ORIZON),HAZTEC (ORIZON),HAZTEC (ORIZON),HAZTEC (ORIZON),HAZTEC (ORIZON),HAZTEC (ORIZON),SHELL/BG,SHELL/BG,NISSAN,NISSAN,HAZTEC (ORIZON),NISSAN,NISSAN,HAZTEC (ORIZON),HAZTEC (ORIZON),GLOBENET (VTAL),GLOBENET (VTAL),F,F,GLOBENET (VTAL)
19,GRUPO SOMA,GRUPO SOMA,NISSAN,COMMIT (GASPETRO),GLOBENET (VTAL),COMMIT (GASPETRO),COMMIT (GASPETRO),GLOBENET (VTAL),GLOBENET (VTAL),COMMIT (GASPETRO),GRUPO SOMA,GRUPO SOMA,TOTAL,NISSAN,NISSAN,NISSAN,NISSAN,NISSAN,NISSAN,NISSAN,NISSAN,NISSAN,NISSAN,F,F,NISSAN,NISSAN,NISSAN,NISSAN,NISSAN,NISSAN,NISSAN,NISSAN,NISSAN,NISSAN,NISSAN,NISSAN,GLOBENET (VTAL),GRUPO SOMA,SOTREQ,SOTREQ,NISSAN,SHELL/BG,SHELL/BG,NISSAN,NISSAN,COMMIT (GASPETRO),COMMIT (GASPETRO),F,F,COMMIT (GASPETRO)
20,TOTAL,TOTAL,SOTREQ,BR MALLS,COMMIT (GASPETRO),BR MALLS,BR MALLS,COMMIT (GASPETRO),COMMIT (GASPETRO),GGSH,TOTAL,TOTAL,ALIANSCE,SOTREQ,SOTREQ,SOTREQ,SOTREQ,SOTREQ,SOTREQ,SOTREQ,SOTREQ,SOTREQ,SOTREQ,F,F,SOTREQ,SOTREQ,SOTREQ,SOTREQ,SOTREQ,SOTREQ,SOTREQ,SOTREQ,SOTREQ,SOTREQ,SOTREQ,SOTREQ,GRUPO SOMA,TOTAL,SHELL/BG,SHELL/BG,SOTREQ,GLOBENET (VTAL),GLOBENET (VTAL),SOTREQ,SOTREQ,BR MALLS,BR MALLS,F,F,BR MALLS
21,GGSH,GGSH,SHELL/BG,ALIANSCE,BR MALLS,EQUINOR,EQUINOR,BR MALLS,BR MALLS,V2i,GGSH,GGSH,PEUGEOT CITROEN (BH),SHELL/BG,SHELL/BG,SHELL/BG,SHELL/BG,SHELL/BG,SHELL/BG,SHELL/BG,SHELL/BG,SHELL/BG,SHELL/BG,F,F,SHELL/BG,SHELL/BG,SHELL/BG,SHELL/BG,SHELL/BG,SHELL/BG,SHELL/BG,SHELL/BG,SHELL/BG,SHELL/BG,SHELL/BG,SHELL/BG,COMMIT (GASPETRO),GGSH,GRUPO SOMA,GRUPO SOMA,SHELL/BG,GRUPO SOMA,GRUPO SOMA,SHELL/BG,SHELL/BG,ALIANSCE,ALIANSCE,F,F,ALIANSCE
22,EQUINOR,EQUINOR,GLOBENET (VTAL),V2i,ALIANSCE,PETROMAIS (Origem Energia),PETROMAIS (Origem Energia),EQUINOR,GGSH,EVOLTZ,ALIANSCE,ALIANSCE,COCA COLA,GLOBENET (VTAL),GLOBENET (VTAL),GLOBENET (VTAL),GLOBENET (VTAL),GLOBENET (VTAL),GLOBENET (VTAL),GLOBENET (VTAL),GLOBENET (VTAL),GLOBENET (VTAL),GLOBENET (VTAL),F,F,GLOBENET (VTAL),GLOBENET (VTAL),GLOBENET (VTAL),GLOBENET (VTAL),GLOBENET (VTAL),GLOBENET (VTAL),GLOBENET (VTAL),GLOBENET (VTAL),GLOBENET (VTAL),GLOBENET (VTAL),GLOBENET (VTAL),GLOBENET (VTAL),TOTAL,EQUINOR,COMMIT (GASPETRO),COMMIT (GASPETRO),GLOBENET (VTAL),TOTAL,TOTAL,GLOBENET (VTAL),GLOBENET (VTAL),V2i,V2i,F,F,V2i
23,PEUGEOT CITROEN (BH),PEUGEOT CITROEN (BH),GRUPO SOMA,PETROMAIS (Origem Energia),EQUINOR,PROFARMA,PROFARMA,V2i,V2i,CATARATAS DO IGUAÇU,V2i,PEUGEOT CITROEN (BH),OLX (Bom Negócio),GRUPO SOMA,GRUPO SOMA,GRUPO SOMA,GRUPO SOMA,GRUPO SOMA,GRUPO SOMA,GRUPO SOMA,GRUPO SOMA,GRUPO SOMA,GRUPO SOMA,F,F,GRUPO SOMA,GRUPO SOMA,GRUPO SOMA,GRUPO SOMA,GRUPO SOMA,GRUPO SOMA,GRUPO SOMA,GRUPO SOMA,GRUPO SOMA,GRUPO SOMA,GRUPO SOMA,GRUPO SOMA,GGSH,PEUGEOT CITROEN (BH),TOTAL,TOTAL,GRUPO SOMA,BR MALLS,BR MALLS,GRUPO SOMA,GRUPO SOMA,PETROMAIS (Origem Energia),PETROMAIS (Origem Energia),F,F,PETROMAIS (Origem Energia)
24,EVOLTZ,EVOLTZ,COMMIT (GASPETRO),COCA COLA,V2i,CYMI ,CYMI ,PETROMAIS (Origem Energia),EVOLTZ,TECHNOS,PEUGEOT CITROEN (BH),COCA COLA,GLOBO - EDITORA GLOBO S.A.,COMMIT (GASPETRO),COMMIT (GASPETRO),COMMIT (GASPETRO),COMMIT (GASPETRO),COMMIT (GASPETRO),COMMIT (GASPETRO),COMMIT (GASPETRO),COMMIT (GASPETRO),COMMIT (GASPETRO),COMMIT (GASPETRO),F,F,COMMIT (GASPETRO),COMMIT (GASPETRO),COMMIT (GASPETRO),COMMIT (GASPETRO),COMMIT (GASPETRO),COMMIT (GASPETRO),COMMIT (GASPETRO),COMMIT (GASPETRO),COMMIT (GASPETRO),COMMIT (GASPETRO),COMMIT (GASPETRO),COMMIT (GASPETRO),ALIANSCE,EVOLTZ,GGSH,GGSH,COMMIT (GASPETRO),GGSH,GGSH,COMMIT (GASPETRO),COMMIT (GASPETRO),COCA COLA,COCA COLA,F,F,PROFARMA
25,PROFARMA,PROFARMA,PETROMAIS (Origem Energia),CATARATAS DO IGUAÇU,PETROMAIS (Origem Energia),D1000,D1000,CYMI ,CATARATAS DO IGUAÇU,SILIMED,EVOLTZ,OLX (Bom Negócio),CLUBE DE REGATAS DO FLAMENGO,TOTAL,TOTAL,TOTAL,TOTAL,TOTAL,TOTAL,TOTAL,TOTAL,TOTAL,TOTAL,F,F,TOTAL,TOTAL,TOTAL,TOTAL,TOTAL,BR MALLS,TOTAL,TOTAL,TOTAL,TOTAL,TOTAL,TOTAL,EQUINOR,CATARATAS DO IGUAÇU,ALIANSCE,ALIANSCE,TOTAL,EQUINOR,EQUINOR,OLX (Bom Negócio),BR MALLS,PROFARMA,PROFARMA,F,F,CYMI 
26,OLX (Bom Negócio),OLX (Bom Negócio),COCA COLA,CYMI ,PROFARMA,PORTO SUDESTE,PORTO SUDESTE,PORTO SUDESTE,TECHNOS,ALMAVIVA,CATARATAS DO IGUAÇU,GLOBO - EDITORA GLOBO S.A.,WSUT (Magalhanes Navegação),BR MALLS,BR MALLS,BR MALLS,BR MALLS,BR MALLS,BR MALLS,BR MALLS,BR MALLS,BR MALLS,BR MALLS,F,F,BR MALLS,BR MALLS,BR MALLS,BR MALLS,BR MALLS,GGSH,BR MALLS,BR MALLS,BR MALLS,GGSH,GGSH,GGSH,V2i,TECHNOS,EQUINOR,EQUINOR,GGSH,V2i,V2i,GLOBO - EDITORA GLOBO S.A.,ALIANSCE,CYMI ,CYMI ,F,F,D1000
27,TECHNOS,TECHNOS,CATARATAS DO IGUAÇU,GLOBO - EDITORA GLOBO S.A.,CYMI ,INSPIRA MUNDANÇA PART.,INSPIRA MUNDANÇA PART.,INSPIRA MUNDANÇA PART.,SILIMED,CASA GRANADO,TECHNOS,CLUBE DE REGATAS DO FLAMENGO,MRO,GGSH,GGSH,GGSH,GGSH,GGSH,GGSH,GGSH,GGSH,ALIANSCE,ALIANSCE,F,F,GGSH,GGSH,GGSH,GGSH,GGSH,ALIANSCE,GGSH,GGSH,GGSH,ALIANSCE,ALIANSCE,ALIANSCE,PETROMAIS (Origem Energia),SILIMED,PEUGEOT CITROEN (BH),PEUGEOT CITROEN (BH),EQUINOR,PEUGEOT CITROEN (BH),PEUGEOT CITROEN (BH),CLUBE DE REGATAS DO FLAMENGO,V2i,D1000,D1000,F,F,PORTO SUDESTE
28,D1000,D1000,GLOBO - EDITORA GLOBO S.A.,SILIMED,D1000,SAPURA,SAPURA,SAPURA,ALMAVIVA,KATRIUM,SILIMED,WSUT (Magalhanes Navegação),DELLY COSMETICOS,ALIANSCE,ALIANSCE,ALIANSCE,EQUINOR,ALIANSCE,ALIANSCE,ALIANSCE,ALIANSCE,EQUINOR,EQUINOR,F,F,ALIANSCE,ALIANSCE,ALIANSCE,ALIANSCE,ALIANSCE,EQUINOR,ALIANSCE,ALIANSCE,ALIANSCE,EQUINOR,EQUINOR,EQUINOR,EVOLTZ,ALMAVIVA,PETROMAIS (Origem Energia),PETROMAIS (Origem Energia),PEUGEOT CITROEN (BH),EVOLTZ,EVOLTZ,WSUT (Magalhanes Navegação),PETROMAIS (Origem Energia),PORTO SUDESTE,PORTO SUDESTE,F,F,INSPIRA MUNDANÇA PART.
29,CLUBE DE REGATAS DO FLAMENGO,CLUBE DE REGATAS DO FLAMENGO,SILIMED,PORTO SUDESTE,PORTO SUDESTE,NATIONAL OIL,NATIONAL OIL,NATIONAL OIL,CASA GRANADO,OCEÂNICA ENGENHARIA,ALMAVIVA,MRO,ENERFLEX,V2i,V2i,EQUINOR,V2i,EQUINOR,EQUINOR,EQUINOR,EQUINOR,V2i,V2i,F,F,EQUINOR,EQUINOR,EQUINOR,EQUINOR,EQUINOR,PEUGEOT CITROEN (BH),EQUINOR,EQUINOR,EQUINOR,V2i,V2i,V2i,COCA COLA,CASA GRANADO,EVOLTZ,EVOLTZ,COCA COLA,COCA COLA,PROFARMA,MRO,COCA COLA,INSPIRA MUNDANÇA PART.,INSPIRA MUNDANÇA PART.,F,F,SAPURA
30,ALMAVIVA,ALMAVIVA,WSUT (Magalhanes Navegação),WSUT (Magalhanes Navegação),INSPIRA MUNDANÇA PART.,FAZENDA AGRO SB (Opportunity),FAZENDA AGRO SB (Opportunity),FAZENDA AGRO SB (Opportunity),KATRIUM,BRAMEX,CASA GRANADO,DELLY COSMETICOS,PETRONAS,PEUGEOT CITROEN (BH),PEUGEOT CITROEN (BH),V2i,PEUGEOT CITROEN (BH),V2i,V2i,V2i,V2i,PEUGEOT CITROEN (BH),PEUGEOT CITROEN (BH),F,F,V2i,V2i,V2i,V2i,PEUGEOT CITROEN (BH),PETROMAIS (Origem Energia),V2i,V2i,V2i,PETROMAIS (Origem Energia),PETROMAIS (Origem Energia),PETROMAIS (Origem Energia),PROFARMA,KATRIUM,CATARATAS DO IGUAÇU,CATARATAS DO IGUAÇU,CATARATAS DO IGUAÇU,PROFARMA,OLX (Bom Negócio),DELLY COSMETICOS,OLX (Bom Negócio),SAPURA,SAPURA,F,F,NATIONAL OIL
31,CASA GRANADO,CASA GRANADO,MRO,INSPIRA MUNDANÇA PART.,SAPURA,SUPERMERCADO ZONA SUL,SUPERMERCADO ZONA SUL,SUPERMERCADO ZONA SUL,OCEÂNICA ENGENHARIA,PARANAÍBA (PTE),KATRIUM,ENERFLEX,LIBRA TERMINAL PORTUARIO (ICTSI),PETROMAIS (Origem Energia),PETROMAIS (Origem Energia),PEUGEOT CITROEN (BH),PETROMAIS (Origem Energia),PEUGEOT CITROEN (BH),PEUGEOT CITROEN (BH),PEUGEOT CITROEN (BH),PEUGEOT CITROEN (BH),EVOLTZ,EVOLTZ,F,F,PEUGEOT CITROEN (BH),PEUGEOT CITROEN (BH),PEUGEOT CITROEN (BH),PEUGEOT CITROEN (BH),PETROMAIS (Origem Energia),EVOLTZ,PEUGEOT CITROEN (BH),PEUGEOT CITROEN (BH),PEUGEOT CITROEN (BH),EVOLTZ,EVOLTZ,EVOLTZ,OLX (Bom Negócio),OCEÂNICA ENGENHARIA,CYMI ,CYMI ,OLX (Bom Negócio),CATARATAS DO IGUAÇU,TECHNOS,ENERFLEX,GLOBO - EDITORA GLOBO S.A.,NATIONAL OIL,NATIONAL OIL,F,F,FAZENDA AGRO SB (Opportunity)
32,KATRIUM,MRO,DELLY COSMETICOS,SAPURA,NATIONAL OIL,TEEKAY,TEEKAY,TEEKAY,BRAMEX,CANAL DE ISABEL II (Emissão S.A.),OCEÂNICA ENGENHARIA,PETRONAS,DOMINOS (DP Brasil Participações),EVOLTZ,EVOLTZ,PETROMAIS (Origem Energia),COCA COLA,PETROMAIS (Origem Energia),PETROMAIS (Origem Energia),PETROMAIS (Origem Energia),PETROMAIS (Origem Energia),COCA COLA,COCA COLA,F,F,PETROMAIS (Origem Energia),PETROMAIS (Origem Energia),PETROMAIS (Origem Energia),PETROMAIS (Origem Energia),EVOLTZ,COCA COLA,PETROMAIS (Origem Energia),PETROMAIS (Origem Energia),PETROMAIS (Origem Energia),COCA COLA,COCA COLA,COCA COLA,CYMI ,BRAMEX,TECHNOS,TECHNOS,GLOBO - EDITORA GLOBO S.A.,OLX (Bom Negócio),GLOBO - EDITORA GLOBO S.A.,PETRONAS,CLUBE DE REGATAS DO FLAMENGO,FAZENDA AGRO SB (Opportunity),FAZENDA AGRO SB (Opportunity),F,F,SUPERMERCADO ZONA SUL
33,OCEÂNICA ENGENHARIA,KATRIUM,ENERFLEX,DELLY COSMETICOS,FAZENDA AGRO SB (Opportunity),EDISON CHOUEST (BRAM) ,EDISON CHOUEST (BRAM) ,FARSTAD SHIPPING,PARANAÍBA (PTE),VINCI PARTNERS (FUNDOS),BRAMEX,LIBRA TERMINAL PORTUARIO (ICTSI),BEMISA (Opportunity),COCA COLA,PROFARMA,COCA COLA,PROFARMA,PROFARMA,PROFARMA,EVOLTZ,EVOLTZ,PROFARMA,PROFARMA,F,F,COCA COLA,CATARATAS DO IGUAÇU,CATARATAS DO IGUAÇU,EVOLTZ,COCA COLA,CATARATAS DO IGUAÇU,EVOLTZ,COCA COLA,EVOLTZ,PROFARMA,PROFARMA,PROFARMA,GLOBO - EDITORA GLOBO S.A.,PARANAÍBA (PTE),D1000,GLOBO - EDITORA GLOBO S.A.,SILIMED,TECHNOS,CLUBE DE REGATAS DO FLAMENGO,LIBRA TERMINAL PORTUARIO (ICTSI),WSUT (Magalhanes Navegação),SUPERMERCADO ZONA SUL,SUPERMERCADO ZONA SUL,F,F,TEEKAY
34,BRAMEX,OCEÂNICA ENGENHARIA,PETRONAS,NATIONAL OIL,SUPERMERCADO ZONA SUL,BUREAU VERITAS,FARSTAD SHIPPING,BARCELOS,CANAL DE ISABEL II (Emissão S.A.),PUIG O'NIQUE,PARANAÍBA (PTE),DOMINOS (DP Brasil Participações),S2,PROFARMA,CATARATAS DO IGUAÇU,PROFARMA,CATARATAS DO IGUAÇU,CATARATAS DO IGUAÇU,CATARATAS DO IGUAÇU,PROFARMA,COCA COLA,CATARATAS DO IGUAÇU,CATARATAS DO IGUAÇU,F,F,CATARATAS DO IGUAÇU,OLX (Bom Negócio),OLX (Bom Negócio),CATARATAS DO IGUAÇU,CATARATAS DO IGUAÇU,OLX (Bom Negócio),COCA COLA,OLX (Bom Negócio),COCA COLA,OLX (Bom Negócio),OLX (Bom Negócio),OLX (Bom Negócio),SILIMED,CANAL DE ISABEL II (Emissão S.A.),SILIMED,D1000,CLUBE DE REGATAS DO FLAMENGO,SILIMED,PORTO SUDESTE,DOMINOS (DP Brasil Participações),MRO,TEEKAY,TEEKAY,F,F,EDISON CHOUEST (BRAM) 
35,PARANAÍBA (PTE),ENERFLEX,LIBRA TERMINAL PORTUARIO (ICTSI),FAZENDA AGRO SB (Opportunity),TEEKAY,CONEXA SAÚDE,BUREAU VERITAS,MAN DIESEL & TURBO,FARSTAD SHIPPING,AMOEDO,CANAL DE ISABEL II (Emissão S.A.),BEMISA (Opportunity),DGPAR (ALL CARE),CATARATAS DO IGUAÇU,OLX (Bom Negócio),CATARATAS DO IGUAÇU,CYMI ,CYMI ,CYMI ,CYMI ,PROFARMA,CYMI ,OLX (Bom Negócio),F,F,OLX (Bom Negócio),TECHNOS,TECHNOS,TECHNOS,OLX (Bom Negócio),TECHNOS,OLX (Bom Negócio),TECHNOS,PROFARMA,CYMI ,CYMI ,CYMI ,CLUBE DE REGATAS DO FLAMENGO,FARSTAD SHIPPING,ALMAVIVA,SILIMED,ALMAVIVA,CLUBE DE REGATAS DO FLAMENGO,WSUT (Magalhanes Navegação),VINCI PARTNERS (FUNDOS),DELLY COSMETICOS,EDISON CHOUEST (BRAM) ,EDISON CHOUEST (BRAM) ,F,F,BEMISA (Opportunity)
36,CANAL DE ISABEL II (Emissão S.A.),DOMINOS (DP Brasil Participações),EDISON CHOUEST (BRAM) ,FARSTAD SHIPPING,EDISON CHOUEST (BRAM) ,Zeedog,BARCELOS,SUBSEA 7,VINCI PARTNERS (FUNDOS),ASPEN PHARMA,VINCI PARTNERS (FUNDOS),S2,ONS,OLX (Bom Negócio),CYMI ,OLX (Bom Negócio),TECHNOS,TECHNOS,TECHNOS,TECHNOS,CATARATAS DO IGUAÇU,GLOBO - EDITORA GLOBO S.A.,CYMI ,F,F,CYMI ,GLOBO - EDITORA GLOBO S.A.,GLOBO - EDITORA GLOBO S.A.,GLOBO - EDITORA GLOBO S.A.,TECHNOS,D1000,TECHNOS,D1000,OLX (Bom Negócio),GLOBO - EDITORA GLOBO S.A.,GLOBO - EDITORA GLOBO S.A.,GLOBO - EDITORA GLOBO S.A.,ALMAVIVA,BUREAU VERITAS,INSPIRA MUNDANÇA PART.,ALMAVIVA,WSUT (Magalhanes Navegação),PORTO SUDESTE,CASA GRANADO,BARCELOS,ENERFLEX,BEMISA (Opportunity),BEMISA (Opportunity),F,F,PUIG O'NIQUE
37,VINCI PARTNERS (FUNDOS),BEMISA (Opportunity),BUREAU VERITAS,BARCELOS,BUREAU VERITAS,ROCK CITY S.A.,CONEXA SAÚDE,VERDE AMBIENTAL,BARCELOS,ALL NATIONS,PUIG O'NIQUE,DGPAR (ALL CARE),CREB,GLOBO - EDITORA GLOBO S.A.,TECHNOS,CYMI ,D1000,D1000,D1000,GLOBO - EDITORA GLOBO S.A.,CYMI ,D1000,TECHNOS,F,F,TECHNOS,SILIMED,SILIMED,D1000,D1000,SILIMED,D1000,SILIMED,CYMI ,SILIMED,SILIMED,SILIMED,INSPIRA MUNDANÇA PART.,S2,CASA GRANADO,INSPIRA MUNDANÇA PART.,MRO,ALMAVIVA,MRO,CONEXA SAÚDE,PETRONAS,PUIG O'NIQUE,PUIG O'NIQUE,F,F,MAN DIESEL & TURBO
38,PUIG O'NIQUE,S2,CONEXA SAÚDE,MAN DIESEL & TURBO,CONEXA SAÚDE,FUNBIO,MAN DIESEL & TURBO,MINERACAO MORRO DO IPE (MMI),PUIG O'NIQUE,CAMORIM,AMOEDO,ONS,SISTAC,SILIMED,GLOBO - EDITORA GLOBO S.A.,TECHNOS,CLUBE DE REGATAS DO FLAMENGO,CLUBE DE REGATAS DO FLAMENGO,CLUBE DE REGATAS DO FLAMENGO,D1000,GLOBO - EDITORA GLOBO S.A.,CLUBE DE REGATAS DO FLAMENGO,GLOBO - EDITORA GLOBO S.A.,F,F,GLOBO - EDITORA GLOBO S.A.,PORTO SUDESTE,PORTO SUDESTE,SILIMED,SILIMED,PORTO SUDESTE,SILIMED,PORTO SUDESTE,GLOBO - EDITORA GLOBO S.A.,CLUBE DE REGATAS DO FLAMENGO,CLUBE DE REGATAS DO FLAMENGO,CLUBE DE REGATAS DO FLAMENGO,CASA GRANADO,AMOEDO,SAPURA,CASA GRANADO,KATRIUM,WSUT (Magalhanes Navegação),DELLY COSMETICOS,DGPAR (ALL CARE),LIBRA TERMINAL PORTUARIO (ICTSI),MAN DIESEL & TURBO,MAN DIESEL & TURBO,F,F,Zeedog
39,AMOEDO,DGPAR (ALL CARE),Zeedog,SUBSEA 7,Zeedog,DISTRIBUIDORA RECORD,Zeedog,MR. CAT (Grumari),MAN DIESEL & TURBO,Matrincha Transm. de Energia (MTE),ASPEN PHARMA,CREB,DESCOMPLICA,CLUBE DE REGATAS DO FLAMENGO,D1000,GLOBO - EDITORA GLOBO S.A.,PORTO SUDESTE,PORTO SUDESTE,PORTO SUDESTE,CLUBE DE REGATAS DO FLAMENGO,D1000,ALMAVIVA,D1000,F,F,D1000,ALMAVIVA,ALMAVIVA,PORTO SUDESTE,PORTO SUDESTE,WSUT (Magalhanes Navegação),PORTO SUDESTE,WSUT (Magalhanes Navegação),SILIMED,ALMAVIVA,ALMAVIVA,ALMAVIVA,MRO,SUBSEA 7,KATRIUM,MRO,DELLY COSMETICOS,CASA GRANADO,NATIONAL OIL,ASPEN PHARMA,DOMINOS (DP Brasil Participações),Zeedog,Zeedog,F,F,ONS
40,ASPEN PHARMA,ONS,ROCK CITY S.A.,VERDE AMBIENTAL,ROCK CITY S.A.,CORPSERVICES,SUBSEA 7,GLOBO - RADIOS,AMOEDO,CERAS JOHNSON,ALL NATIONS,SISTAC,GLOBO - CAFÉ ORFEU,ALMAVIVA,SILIMED,D1000,WSUT (Magalhanes Navegação),WSUT (Magalhanes Navegação),ALMAVIVA,PORTO SUDESTE,CLUBE DE REGATAS DO FLAMENGO,WSUT (Magalhanes Navegação),CLUBE DE REGATAS DO FLAMENGO,F,F,SILIMED,WSUT (Magalhanes Navegação),WSUT (Magalhanes Navegação),WSUT (Magalhanes Navegação),WSUT (Magalhanes Navegação),INSPIRA MUNDANÇA PART.,WSUT (Magalhanes Navegação),INSPIRA MUNDANÇA PART.,CLUBE DE REGATAS DO FLAMENGO,INSPIRA MUNDANÇA PART.,INSPIRA MUNDANÇA PART.,INSPIRA MUNDANÇA PART.,KATRIUM,ROCK CITY S.A.,OCEÂNICA ENGENHARIA,SAPURA,OCEÂNICA ENGENHARIA,KATRIUM,ENERFLEX,VERDE AMBIENTAL,VINCI PARTNERS (FUNDOS),ONS,ONS,F,F,ALL NATIONS
41,ALL NATIONS,CREB,FUNBIO,MINERACAO MORRO DO IPE (MMI),FUNBIO,COMSHELL SOC PREV. PRIVADA,VERDE AMBIENTAL,GRUPO COMPONENTES (Opportunity) - Eletron,SUBSEA 7,UNIVERSAL MUSICAL,CAMORIM,DESCOMPLICA,FERNANDES ARAÚJO,WSUT (Magalhanes Navegação),CLUBE DE REGATAS DO FLAMENGO,CLUBE DE REGATAS DO FLAMENGO,INSPIRA MUNDANÇA PART.,INSPIRA MUNDANÇA PART.,WSUT (Magalhanes Navegação),ALMAVIVA,PORTO SUDESTE,INSPIRA MUNDANÇA PART.,PORTO SUDESTE,F,F,CLUBE DE REGATAS DO FLAMENGO,CASA GRANADO,CASA GRANADO,CASA GRANADO,INSPIRA MUNDANÇA PART.,CASA GRANADO,INSPIRA MUNDANÇA PART.,CASA GRANADO,ALMAVIVA,CASA GRANADO,CASA GRANADO,CASA GRANADO,NATIONAL OIL,CREB,FAZENDA AGRO SB (Opportunity),KATRIUM,ENERFLEX,DELLY COSMETICOS,BRAMEX,FUNBIO,BARCELOS,MINERACAO MORRO DO IPE (MMI),ALL NATIONS,F,F,CAMORIM
42,CAMORIM,SISTAC,DISTRIBUIDORA RECORD,MR. CAT (Grumari),DISTRIBUIDORA RECORD,COMSHELL SOC PREV. PRIVADA,MINERACAO MORRO DO IPE (MMI),GRUPO COMPONENTES (Opportunity) - Eletron,ASPEN PHARMA,UNIVERSAL MUSICAL,Matrincha Transm. de Energia (MTE),GLOBO - CAFÉ ORFEU,FERNANDES ARAÚJO,CASA GRANADO,ALMAVIVA,PORTO SUDESTE,MRO,MRO,MRO,WSUT (Magalhanes Navegação),ALMAVIVA,MRO,ALMAVIVA,F,F,PORTO SUDESTE,SAPURA,SAPURA,SAPURA,CASA GRANADO,SAPURA,CASA GRANADO,SAPURA,INSPIRA MUNDANÇA PART.,MRO,MRO,MRO,OCEÂNICA ENGENHARIA,SISTAC,BRAMEX,OCEÂNICA ENGENHARIA,PETRONAS,NATIONAL OIL,PETRONAS,DISTRIBUIDORA RECORD,CONEXA SAÚDE,MR. CAT (Grumari),MINERACAO MORRO DO IPE (MMI),F,F,Matrincha Transm. de Energia (MTE)
43,Matrincha Transm. de Energia (MTE),DESCOMPLICA,CORPSERVICES,GLOBO - RADIOS,CORPSERVICES,GLOBO - ED. GLOBO COND NAST,MR. CAT (Grumari),GME AEROSPACE,GLOBO - RADIOS,DINACO,CERAS JOHNSON,OCEANEERING,TULIP CAMPOS HOTELARIA,MRO,CASA GRANADO,MRO,SAPURA,SAPURA,SAPURA,INSPIRA MUNDANÇA PART.,WSUT (Magalhanes Navegação),KATRIUM,WSUT (Magalhanes Navegação),F,F,ALMAVIVA,KATRIUM,KATRIUM,KATRIUM,SAPURA,DELLY COSMETICOS,SAPURA,DELLY COSMETICOS,CASA GRANADO,KATRIUM,KATRIUM,KATRIUM,FAZENDA AGRO SB (Opportunity),DESCOMPLICA,SUPERMERCADO ZONA SUL,FAZENDA AGRO SB (Opportunity),PARANAÍBA (PTE),OCEÂNICA ENGENHARIA,LIBRA TERMINAL PORTUARIO (ICTSI),CORPSERVICES,DGPAR (ALL CARE),GLOBO - RADIOS,CAMORIM,F,F,CERAS JOHNSON
44,CERAS JOHNSON,GLOBO - CAFÉ ORFEU,,,BIOMERIEUX,GLOBO - ED. GLOBO COND NAST,ECOPETROL,GME AEROSPACE,NEW WAVE,DINACO,MANUCHAR,OCEANEERING,TULIP CAMPOS HOTELARIA,KATRIUM,MRO,SAPURA,DELLY COSMETICOS,DELLY COSMETICOS,DELLY COSMETICOS,MRO,INSPIRA MUNDANÇA PART.,DELLY COSMETICOS,INSPIRA MUNDANÇA PART.,F,F,WSUT (Magalhanes Navegação),NATIONAL OIL,NATIONAL OIL,DELLY COSMETICOS,DELLY COSMETICOS,NATIONAL OIL,DELLY COSMETICOS,NATIONAL OIL,MRO,NATIONAL OIL,NATIONAL OIL,NATIONAL OIL,PETRONAS,GLOBO - CAFÉ ORFEU,PARANAÍBA (PTE),BRAMEX,TEEKAY,ENERFLEX,CANAL DE ISABEL II (Emissão S.A.),UNIVERSAL MUSICAL,ASPEN PHARMA,COMSHELL SOC PREV. PRIVADA,MR. CAT (Grumari),F,F,GRUPO COMPONENTES (Opportunity) - Eletron
45,,,,,BIOMERIEUX,AXXON (RHMED),ECOPETROL,,NEW WAVE,,MANUCHAR,Orthopride (PRKS),,DELLY COSMETICOS,SAPURA,DELLY COSMETICOS,NATIONAL OIL,NATIONAL OIL,OCEÂNICA ENGENHARIA,SAPURA,MRO,OCEÂNICA ENGENHARIA,MRO,F,F,CASA GRANADO,ENERFLEX,ENERFLEX,NATIONAL OIL,NATIONAL OIL,ENERFLEX,NATIONAL OIL,ENERFLEX,KATRIUM,OCEÂNICA ENGENHARIA,OCEÂNICA ENGENHARIA,OCEÂNICA ENGENHARIA,SUPERMERCADO ZONA SUL,NEW WAVE,CANAL DE ISABEL II (Emissão S.A.),PARANAÍBA (PTE),DOMINOS (DP Brasil Participações),LIBRA TERMINAL PORTUARIO (ICTSI),DOMINOS (DP Brasil Participações),UNIVERSAL MUSICAL,VERDE AMBIENTAL,COMSHELL SOC PREV. PRIVADA,Matrincha Transm. de Energia (MTE),F,F,GRUPO COMPONENTES (Opportunity) - Eletron
46,,,,,Guaraciaba Transmissora de Energia,AXXON (RHMED),DILETTO (Sardinia Investimentos),,GEFCO,,GLOBO - FRM/C.FUTURA,Orthopride (PRKS),,OCEÂNICA ENGENHARIA,KATRIUM,OCEÂNICA ENGENHARIA,OCEÂNICA ENGENHARIA,OCEÂNICA ENGENHARIA,ENERFLEX,KATRIUM,KATRIUM,FAZENDA AGRO SB (Opportunity),SAPURA,F,F,MRO,FAZENDA AGRO SB (Opportunity),FAZENDA AGRO SB (Opportunity),ENERFLEX,ENERFLEX,BRAMEX,ENERFLEX,BRAMEX,NATIONAL OIL,FAZENDA AGRO SB (Opportunity),FAZENDA AGRO SB (Opportunity),FAZENDA AGRO SB (Opportunity),LIBRA TERMINAL PORTUARIO (ICTSI),NEW WAVE,EDISON CHOUEST (BRAM) ,CANAL DE ISABEL II (Emissão S.A.),FARSTAD SHIPPING,VINCI PARTNERS (FUNDOS),VINCI PARTNERS (FUNDOS),DILETTO (Sardinia Investimentos),FUNBIO,OCEANEERING,GLOBO - RADIOS,F,F,Guaraciaba Transmissora de Energia
47,,,,,Guaraciaba Transmissora de Energia,,DILETTO (Sardinia Investimentos),,GEFCO,,GLOBO - FRM/C.FUTURA,,,ENERFLEX,DELLY COSMETICOS,ENERFLEX,ENERFLEX,ENERFLEX,FAZENDA AGRO SB (Opportunity),DELLY COSMETICOS,DELLY COSMETICOS,BRAMEX,KATRIUM,F,F,SAPURA,PETRONAS,BRAMEX,BRAMEX,BRAMEX,PETRONAS,BRAMEX,PETRONAS,OCEÂNICA ENGENHARIA,BRAMEX,PETRONAS,PETRONAS,CANAL DE ISABEL II (Emissão S.A.),GLOBO - ED. GLOBO COND NAST,FARSTAD SHIPPING,FARSTAD SHIPPING,BEMISA (Opportunity),BUREAU VERITAS,BARCELOS,DILETTO (Sardinia Investimentos),DISTRIBUIDORA RECORD,OCEANEERING,CERAS JOHNSON,F,F,Guaraciaba Transmissora de Energia
48,,,,,KOMPASS ENERGIA,,,,,,,,,FAZENDA AGRO SB (Opportunity),OCEÂNICA ENGENHARIA,BRAMEX,PETRONAS,SUPERMERCADO ZONA SUL,SUPERMERCADO ZONA SUL,OCEÂNICA ENGENHARIA,OCEÂNICA ENGENHARIA,SUPERMERCADO ZONA SUL,DELLY COSMETICOS,F,F,KATRIUM,PARANAÍBA (PTE),PETRONAS,PETRONAS,PETRONAS,PARANAÍBA (PTE),PETRONAS,PARANAÍBA (PTE),FAZENDA AGRO SB (Opportunity),PETRONAS,SUPERMERCADO ZONA SUL,SUPERMERCADO ZONA SUL,EDISON CHOUEST (BRAM) ,GLOBO - ED. GLOBO COND NAST,BUREAU VERITAS,BUREAU VERITAS,PUIG O'NIQUE,BARCELOS,S2,TULIP CAMPOS HOTELARIA,CORPSERVICES,GEFCO,ECOPETROL,F,F,GLOBO - FRM/C.FUTURA
49,,,,,KOMPASS ENERGIA,,,,,,,,,PETRONAS,ENERFLEX,SUPERMERCADO ZONA SUL,SUPERMERCADO ZONA SUL,PARANAÍBA (PTE),LIBRA TERMINAL PORTUARIO (ICTSI),ENERFLEX,FAZENDA AGRO SB (Opportunity),PARANAÍBA (PTE),OCEÂNICA ENGENHARIA,F,F,DELLY COSMETICOS,LIBRA TERMINAL PORTUARIO (ICTSI),PARANAÍBA (PTE),PARANAÍBA (PTE),PARANAÍBA (PTE),TEEKAY,PARANAÍBA (PTE),TEEKAY,BRAMEX,SUPERMERCADO ZONA SUL,LIBRA TERMINAL PORTUARIO (ICTSI),LIBRA TERMINAL PORTUARIO (ICTSI),FARSTAD SHIPPING,Orthopride (PRKS),S2,S2,CONEXA SAÚDE,MAN DIESEL & TURBO,CONEXA SAÚDE,TULIP CAMPOS HOTELARIA,BIOMERIEUX,GEFCO,ECOPETROL,F,F,GLOBO - FRM/C.FUTURA
50,,,,,,,,,,,,,,LIBRA TERMINAL PORTUARIO (ICTSI),FAZENDA AGRO SB (Opportunity),TEEKAY,LIBRA TERMINAL PORTUARIO (ICTSI),LIBRA TERMINAL PORTUARIO (ICTSI),TEEKAY,FAZENDA AGRO SB (Opportunity),BRAMEX,CANAL DE ISABEL II (Emissão S.A.),ENERFLEX,F,F,NATIONAL OIL,CANAL DE ISABEL II (Emissão S.A.),LIBRA TERMINAL PORTUARIO (ICTSI),LIBRA TERMINAL PORTUARIO (ICTSI),TEEKAY,DOMINOS (DP Brasil Participações),TEEKAY,DOMINOS (DP Brasil Participações),PARANAÍBA (PTE),PARANAÍBA (PTE),CANAL DE ISABEL II (Emissão S.A.),CANAL DE ISABEL II (Emissão S.A.),BEMISA (Opportunity),Orthopride (PRKS),AMOEDO,AMOEDO,AMOEDO,DGPAR (ALL CARE),DGPAR (ALL CARE),,BIOMERIEUX,AXXON (RHMED),FERNANDES ARAÚJO,F,F,
51,,,,,,,,,,,,,,CANAL DE ISABEL II (Emissão S.A.),SUPERMERCADO ZONA SUL,DOMINOS (DP Brasil Participações),TEEKAY,TEEKAY,CANAL DE ISABEL II (Emissão S.A.),BRAMEX,SUPERMERCADO ZONA SUL,DOMINOS (DP Brasil Participações),FAZENDA AGRO SB (Opportunity),F,F,ENERFLEX,EDISON CHOUEST (BRAM) ,TEEKAY,TEEKAY,DOMINOS (DP Brasil Participações),EDISON CHOUEST (BRAM) ,DOMINOS (DP Brasil Participações),EDISON CHOUEST (BRAM) ,TEEKAY,LIBRA TERMINAL PORTUARIO (ICTSI),EDISON CHOUEST (BRAM) ,EDISON CHOUEST (BRAM) ,BARCELOS,,Zeedog,SUBSEA 7,SUBSEA 7,ASPEN PHARMA,ASPEN PHARMA,,MANUCHAR,AXXON (RHMED),FERNANDES ARAÚJO,F,F,
52,,,,,,,,,,,,,,DOMINOS (DP Brasil Participações),LIBRA TERMINAL PORTUARIO (ICTSI),EDISON CHOUEST (BRAM) ,FARSTAD SHIPPING,FARSTAD SHIPPING,FARSTAD SHIPPING,SUPERMERCADO ZONA SUL,CANAL DE ISABEL II (Emissão S.A.),FARSTAD SHIPPING,BRAMEX,F,F,FAZENDA AGRO SB (Opportunity),VINCI PARTNERS (FUNDOS),CANAL DE ISABEL II (Emissão S.A.),DOMINOS (DP Brasil Participações),EDISON CHOUEST (BRAM) ,VINCI PARTNERS (FUNDOS),EDISON CHOUEST (BRAM) ,VINCI PARTNERS (FUNDOS),DOMINOS (DP Brasil Participações),TEEKAY,FARSTAD SHIPPING,FARSTAD SHIPPING,S2,,SUBSEA 7,ONS,ROCK CITY S.A.,VERDE AMBIENTAL,ALL NATIONS,,MANUCHAR,,DINACO,F,F,
53,,,,,,,,,,,,,,VINCI PARTNERS (FUNDOS),FARSTAD SHIPPING,FARSTAD SHIPPING,BEMISA (Opportunity),BEMISA (Opportunity),BEMISA (Opportunity),LIBRA TERMINAL PORTUARIO (ICTSI),DOMINOS (DP Brasil Participações),VINCI PARTNERS (FUNDOS),SUPERMERCADO ZONA SUL,F,F,PETRONAS,BEMISA (Opportunity),DOMINOS (DP Brasil Participações),EDISON CHOUEST (BRAM) ,VINCI PARTNERS (FUNDOS),BUREAU VERITAS,VINCI PARTNERS (FUNDOS),BUREAU VERITAS,VINCI PARTNERS (FUNDOS),CANAL DE ISABEL II (Emissão S.A.),BEMISA (Opportunity),BEMISA (Opportunity),MAN DIESEL & TURBO,,ROCK CITY S.A.,CREB,FUNBIO,MINERACAO MORRO DO IPE (MMI),CAMORIM,,GME AEROSPACE,,DINACO,F,F,
54,,,,,,,,,,,,,,BEMISA (Opportunity),BEMISA (Opportunity),BEMISA (Opportunity),BUREAU VERITAS,BUREAU VERITAS,BUREAU VERITAS,TEEKAY,FARSTAD SHIPPING,BARCELOS,PARANAÍBA (PTE),F,F,PARANAÍBA (PTE),BARCELOS,EDISON CHOUEST (BRAM) ,VINCI PARTNERS (FUNDOS),BUREAU VERITAS,PUIG O'NIQUE,BUREAU VERITAS,PUIG O'NIQUE,BUREAU VERITAS,DOMINOS (DP Brasil Participações),BARCELOS,BARCELOS,DGPAR (ALL CARE),,CREB,SISTAC,DISTRIBUIDORA RECORD,MR. CAT (Grumari),Matrincha Transm. de Energia (MTE),,GME AEROSPACE,,,F,F,
55,,,,,,,,,,,,,,BARCELOS,BUREAU VERITAS,BUREAU VERITAS,PUIG O'NIQUE,PUIG O'NIQUE,BARCELOS,CANAL DE ISABEL II (Emissão S.A.),BARCELOS,S2,CANAL DE ISABEL II (Emissão S.A.),F,F,LIBRA TERMINAL PORTUARIO (ICTSI),S2,VINCI PARTNERS (FUNDOS),BEMISA (Opportunity),PUIG O'NIQUE,CONEXA SAÚDE,PUIG O'NIQUE,CONEXA SAÚDE,PUIG O'NIQUE,EDISON CHOUEST (BRAM) ,S2,S2,SUBSEA 7,,SISTAC,DESCOMPLICA,CORPSERVICES,GLOBO - RADIOS,CERAS JOHNSON,,KOMPASS ENERGIA,,,F,F,
56,,,,,,,,,,,,,,S2,PUIG O'NIQUE,PUIG O'NIQUE,CONEXA SAÚDE,CONEXA SAÚDE,PUIG O'NIQUE,DOMINOS (DP Brasil Participações),S2,MAN DIESEL & TURBO,DOMINOS (DP Brasil Participações),F,F,CANAL DE ISABEL II (Emissão S.A.),MAN DIESEL & TURBO,BEMISA (Opportunity),BUREAU VERITAS,CONEXA SAÚDE,AMOEDO,CONEXA SAÚDE,AMOEDO,CONEXA SAÚDE,FARSTAD SHIPPING,MAN DIESEL & TURBO,MAN DIESEL & TURBO,ONS,,DESCOMPLICA,GLOBO - CAFÉ ORFEU,,,,,KOMPASS ENERGIA,,,F,F,
57,,,,,,,,,,,,,,MAN DIESEL & TURBO,S2,CONEXA SAÚDE,AMOEDO,AMOEDO,S2,FARSTAD SHIPPING,MAN DIESEL & TURBO,DGPAR (ALL CARE),FARSTAD SHIPPING,F,F,EDISON CHOUEST (BRAM) ,DGPAR (ALL CARE),BUREAU VERITAS,PUIG O'NIQUE,AMOEDO,Zeedog,AMOEDO,Zeedog,AMOEDO,VINCI PARTNERS (FUNDOS),DGPAR (ALL CARE),DGPAR (ALL CARE),VERDE AMBIENTAL,,GLOBO - CAFÉ ORFEU,,,,,,,,,F,F,
58,,,,,,,,,,,,,,DGPAR (ALL CARE),CONEXA SAÚDE,AMOEDO,Zeedog,Zeedog,CONEXA SAÚDE,BARCELOS,DGPAR (ALL CARE),SUBSEA 7,VINCI PARTNERS (FUNDOS),F,F,VINCI PARTNERS (FUNDOS),SUBSEA 7,BARCELOS,CONEXA SAÚDE,Zeedog,ASPEN PHARMA,Zeedog,ASPEN PHARMA,Zeedog,BEMISA (Opportunity),SUBSEA 7,SUBSEA 7,CREB,,,,,,,,,,,F,F,
59,,,,,,,,,,,,,,SUBSEA 7,AMOEDO,Zeedog,ASPEN PHARMA,ASPEN PHARMA,MAN DIESEL & TURBO,S2,SUBSEA 7,ONS,BARCELOS,F,F,BEMISA (Opportunity),ONS,PUIG O'NIQUE,AMOEDO,ASPEN PHARMA,ROCK CITY S.A.,ASPEN PHARMA,ROCK CITY S.A.,ASPEN PHARMA,BUREAU VERITAS,ONS,ONS,MINERACAO MORRO DO IPE (MMI),,,,,,,,,,,F,F,
60,,,,,,,,,,,,,,ONS,DGPAR (ALL CARE),ASPEN PHARMA,ROCK CITY S.A.,ROCK CITY S.A.,AMOEDO,MAN DIESEL & TURBO,ONS,VERDE AMBIENTAL,S2,F,F,BARCELOS,VERDE AMBIENTAL,S2,DGPAR (ALL CARE),ROCK CITY S.A.,ALL NATIONS,ROCK CITY S.A.,ALL NATIONS,ROCK CITY S.A.,BARCELOS,VERDE AMBIENTAL,VERDE AMBIENTAL,SISTAC,,,,,,,,,,,F,F,
61,,,,,,,,,,,,,,VERDE AMBIENTAL,Zeedog,ROCK CITY S.A.,ALL NATIONS,ALL NATIONS,Zeedog,DGPAR (ALL CARE),VERDE AMBIENTAL,CREB,MAN DIESEL & TURBO,F,F,S2,CREB,CONEXA SAÚDE,Zeedog,ALL NATIONS,FUNBIO,ALL NATIONS,FUNBIO,ALL NATIONS,PUIG O'NIQUE,CREB,CREB,MR. CAT (Grumari),,,,,,,,,,,F,F,
62,,,,,,,,,,,,,,CREB,ASPEN PHARMA,ALL NATIONS,FUNBIO,FUNBIO,SUBSEA 7,SUBSEA 7,CREB,MINERACAO MORRO DO IPE (MMI),DGPAR (ALL CARE),F,F,MAN DIESEL & TURBO,MINERACAO MORRO DO IPE (MMI),MAN DIESEL & TURBO,ASPEN PHARMA,FUNBIO,CAMORIM,FUNBIO,CAMORIM,FUNBIO,S2,MINERACAO MORRO DO IPE (MMI),MINERACAO MORRO DO IPE (MMI),DESCOMPLICA,,,,,,,,,,,F,F,
63,,,,,,,,,,,,,,MINERACAO MORRO DO IPE (MMI),ONS,FUNBIO,CAMORIM,CAMORIM,ASPEN PHARMA,ONS,MINERACAO MORRO DO IPE (MMI),SISTAC,SUBSEA 7,F,F,DGPAR (ALL CARE),SISTAC,AMOEDO,ONS,CAMORIM,DISTRIBUIDORA RECORD,CAMORIM,DISTRIBUIDORA RECORD,CAMORIM,CONEXA SAÚDE,SISTAC,SISTAC,GLOBO - RADIOS,,,,,,,,,,,F,F,
64,,,,,,,,,,,,,,SISTAC,DISTRIBUIDORA RECORD,CAMORIM,DISTRIBUIDORA RECORD,DISTRIBUIDORA RECORD,ROCK CITY S.A.,MR. CAT (Grumari),SISTAC,MR. CAT (Grumari),ONS,F,F,SUBSEA 7,Matrincha Transm. de Energia (MTE),DGPAR (ALL CARE),ROCK CITY S.A.,DISTRIBUIDORA RECORD,Matrincha Transm. de Energia (MTE),DISTRIBUIDORA RECORD,Matrincha Transm. de Energia (MTE),DISTRIBUIDORA RECORD,MAN DIESEL & TURBO,MR. CAT (Grumari),MR. CAT (Grumari),COMSHELL SOC PREV. PRIVADA,,,,,,,,,,,F,F,
65,,,,,,,,,,,,,,MR. CAT (Grumari),Matrincha Transm. de Energia (MTE),DISTRIBUIDORA RECORD,DESCOMPLICA,MR. CAT (Grumari),ALL NATIONS,DESCOMPLICA,MR. CAT (Grumari),DESCOMPLICA,VERDE AMBIENTAL,F,F,ONS,CORPSERVICES,Zeedog,ALL NATIONS,Matrincha Transm. de Energia (MTE),CORPSERVICES,Matrincha Transm. de Energia (MTE),CORPSERVICES,Matrincha Transm. de Energia (MTE),AMOEDO,DESCOMPLICA,DESCOMPLICA,COMSHELL SOC PREV. PRIVADA,,,,,,,,,,,F,F,
66,,,,,,,,,,,,,,CORPSERVICES,GLOBO - RADIOS,GLOBO - RADIOS,GLOBO - RADIOS,DESCOMPLICA,FUNBIO,GLOBO - RADIOS,DESCOMPLICA,CERAS JOHNSON,CREB,F,F,VERDE AMBIENTAL,CERAS JOHNSON,SUBSEA 7,FUNBIO,CORPSERVICES,GLOBO - CAFÉ ORFEU,CORPSERVICES,CERAS JOHNSON,CORPSERVICES,DGPAR (ALL CARE),GLOBO - RADIOS,GLOBO - RADIOS,NEW WAVE,,,,,,,,,,,F,F,
67,,,,,,,,,,,,,,CERAS JOHNSON,GLOBO - CAFÉ ORFEU,GLOBO - CAFÉ ORFEU,GLOBO - CAFÉ ORFEU,GLOBO - RADIOS,CAMORIM,BIOMERIEUX,GLOBO - RADIOS,COMSHELL SOC PREV. PRIVADA,MINERACAO MORRO DO IPE (MMI),F,F,CREB,COMSHELL SOC PREV. PRIVADA,ASPEN PHARMA,CAMORIM,GLOBO - CAFÉ ORFEU,ECOPETROL,CERAS JOHNSON,GLOBO - CAFÉ ORFEU,CERAS JOHNSON,Zeedog,BIOMERIEUX,COMSHELL SOC PREV. PRIVADA,NEW WAVE,,,,,,,,,,,F,F,
68,,,,,,,,,,,,,,,ECOPETROL,ECOPETROL,BIOMERIEUX,GLOBO - CAFÉ ORFEU,MR. CAT (Grumari),BIOMERIEUX,CERAS JOHNSON,COMSHELL SOC PREV. PRIVADA,SISTAC,F,F,MINERACAO MORRO DO IPE (MMI),COMSHELL SOC PREV. PRIVADA,ONS,DISTRIBUIDORA RECORD,ECOPETROL,ECOPETROL,GLOBO - CAFÉ ORFEU,ECOPETROL,GLOBO - CAFÉ ORFEU,SUBSEA 7,BIOMERIEUX,COMSHELL SOC PREV. PRIVADA,OCEANEERING,,,,,,,,,,,F,F,
69,,,,,,,,,,,,,,,ECOPETROL,ECOPETROL,BIOMERIEUX,BIOMERIEUX,DESCOMPLICA,GRUPO COMPONENTES (Opportunity) - Eletron,GLOBO - ED. GLOBO COND NAST,NEW WAVE,MR. CAT (Grumari),F,F,SISTAC,NEW WAVE,VERDE AMBIENTAL,Matrincha Transm. de Energia (MTE),ECOPETROL,UNIVERSAL MUSICAL,ECOPETROL,ECOPETROL,BIOMERIEUX,ASPEN PHARMA,COMSHELL SOC PREV. PRIVADA,NEW WAVE,OCEANEERING,,,,,,,,,,,F,F,
70,,,,,,,,,,,,,,,UNIVERSAL MUSICAL,UNIVERSAL MUSICAL,GRUPO COMPONENTES (Opportunity) - Eletron,BIOMERIEUX,GLOBO - RADIOS,GRUPO COMPONENTES (Opportunity) - Eletron,GLOBO - ED. GLOBO COND NAST,NEW WAVE,DESCOMPLICA,F,F,Matrincha Transm. de Energia (MTE),NEW WAVE,CREB,CORPSERVICES,UNIVERSAL MUSICAL,UNIVERSAL MUSICAL,ECOPETROL,UNIVERSAL MUSICAL,BIOMERIEUX,ONS,COMSHELL SOC PREV. PRIVADA,NEW WAVE,GLOBO - ED. GLOBO COND NAST,,,,,,,,,,,F,F,
71,,,,,,,,,,,,,,,UNIVERSAL MUSICAL,UNIVERSAL MUSICAL,GRUPO COMPONENTES (Opportunity) - Eletron,GRUPO COMPONENTES (Opportunity) - Eletron,BIOMERIEUX,MANUCHAR,GLOBO - FRM/C.FUTURA,OCEANEERING,CERAS JOHNSON,F,F,CORPSERVICES,OCEANEERING,MINERACAO MORRO DO IPE (MMI),GLOBO - CAFÉ ORFEU,UNIVERSAL MUSICAL,FERNANDES ARAÚJO,UNIVERSAL MUSICAL,UNIVERSAL MUSICAL,ECOPETROL,BIOMERIEUX,GRUPO COMPONENTES (Opportunity) - Eletron,OCEANEERING,GLOBO - ED. GLOBO COND NAST,,,,,,,,,,,F,F,
72,,,,,,,,,,,,,,,FERNANDES ARAÚJO,FERNANDES ARAÚJO,MANUCHAR,GRUPO COMPONENTES (Opportunity) - Eletron,BIOMERIEUX,MANUCHAR,GLOBO - FRM/C.FUTURA,OCEANEERING,COMSHELL SOC PREV. PRIVADA,F,F,CERAS JOHNSON,OCEANEERING,SISTAC,TULIP CAMPOS HOTELARIA,FERNANDES ARAÚJO,FERNANDES ARAÚJO,UNIVERSAL MUSICAL,FERNANDES ARAÚJO,ECOPETROL,BIOMERIEUX,GRUPO COMPONENTES (Opportunity) - Eletron,OCEANEERING,GEFCO,,,,,,,,,,,F,F,
73,,,,,,,,,,,,,,,FERNANDES ARAÚJO,FERNANDES ARAÚJO,MANUCHAR,MANUCHAR,GRUPO COMPONENTES (Opportunity) - Eletron,Guaraciaba Transmissora de Energia,AXXON (RHMED),GLOBO - ED. GLOBO COND NAST,COMSHELL SOC PREV. PRIVADA,F,F,COMSHELL SOC PREV. PRIVADA,GLOBO - ED. GLOBO COND NAST,Matrincha Transm. de Energia (MTE),TULIP CAMPOS HOTELARIA,FERNANDES ARAÚJO,DILETTO (Sardinia Investimentos),FERNANDES ARAÚJO,FERNANDES ARAÚJO,GRUPO COMPONENTES (Opportunity) - Eletron,GRUPO COMPONENTES (Opportunity) - Eletron,NEW WAVE,GLOBO - ED. GLOBO COND NAST,GEFCO,,,,,,,,,,,F,F,
74,,,,,,,,,,,,,,,DILETTO (Sardinia Investimentos),DILETTO (Sardinia Investimentos),Guaraciaba Transmissora de Energia,MANUCHAR,GRUPO COMPONENTES (Opportunity) - Eletron,Guaraciaba Transmissora de Energia,AXXON (RHMED),GLOBO - ED. GLOBO COND NAST,NEW WAVE,F,F,COMSHELL SOC PREV. PRIVADA,GLOBO - ED. GLOBO COND NAST,CORPSERVICES,QV SAUDE,DILETTO (Sardinia Investimentos),DILETTO (Sardinia Investimentos),FERNANDES ARAÚJO,DILETTO (Sardinia Investimentos),GRUPO COMPONENTES (Opportunity) - Eletron,GRUPO COMPONENTES (Opportunity) - Eletron,NEW WAVE,GLOBO - ED. GLOBO COND NAST,Orthopride (PRKS),,,,,,,,,,,F,F,
75,,,,,,,,,,,,,,,DILETTO (Sardinia Investimentos),DILETTO (Sardinia Investimentos),Guaraciaba Transmissora de Energia,Guaraciaba Transmissora de Energia,MANUCHAR,GME AEROSPACE,NAVAL GROUP,GEFCO,NEW WAVE,F,F,NEW WAVE,GEFCO,CERAS JOHNSON,PETRO CHINA,DILETTO (Sardinia Investimentos),DINACO,DILETTO (Sardinia Investimentos),DILETTO (Sardinia Investimentos),UNIVERSAL MUSICAL,MANUCHAR,MANUCHAR,GEFCO,Orthopride (PRKS),,,,,,,,,,,F,F,
76,,,,,,,,,,,,,,,DINACO,DINACO,GME AEROSPACE,Guaraciaba Transmissora de Energia,MANUCHAR,GME AEROSPACE,COCA COLA INSTITUTO,GEFCO,OCEANEERING,F,F,NEW WAVE,GEFCO,GEFCO,ARCHER,DINACO,DINACO,DILETTO (Sardinia Investimentos),DINACO,UNIVERSAL MUSICAL,MANUCHAR,MANUCHAR,GEFCO,AXXON (RHMED),,,,,,,,,,,F,F,
77,,,,,,,,,,,,,,,DINACO,DINACO,GME AEROSPACE,GME AEROSPACE,Guaraciaba Transmissora de Energia,GLOBO - FRM/C.FUTURA,,Orthopride (PRKS),OCEANEERING,F,F,OCEANEERING,Orthopride (PRKS),GEFCO,QUANTUM,DINACO,TULIP CAMPOS HOTELARIA,DINACO,DINACO,MANUCHAR,Guaraciaba Transmissora de Energia,OCEANEERING,Orthopride (PRKS),AXXON (RHMED),,,,,,,,,,,F,F,
78,,,,,,,,,,,,,,,KOMPASS ENERGIA,KOMPASS ENERGIA,KOMPASS ENERGIA,GME AEROSPACE,Guaraciaba Transmissora de Energia,GLOBO - FRM/C.FUTURA,,Orthopride (PRKS),GEFCO,F,F,OCEANEERING,Orthopride (PRKS),TULIP CAMPOS HOTELARIA,INSTITUTO DA CRIANÇA,TULIP CAMPOS HOTELARIA,TULIP CAMPOS HOTELARIA,DINACO,TULIP CAMPOS HOTELARIA,MANUCHAR,Guaraciaba Transmissora de Energia,OCEANEERING,Orthopride (PRKS),OMPI DO BRASIL ,,,,,,,,,,,F,F,
79,,,,,,,,,,,,,,,KOMPASS ENERGIA,KOMPASS ENERGIA,KOMPASS ENERGIA,GLOBO - FRM/C.FUTURA,GME AEROSPACE,AXXON (RHMED),,AXXON (RHMED),GEFCO,F,F,GLOBO - ED. GLOBO COND NAST,QV SAUDE,TULIP CAMPOS HOTELARIA,CALEFFI BRASIL AUP,TULIP CAMPOS HOTELARIA,ESSECO DO BRASIL,TULIP CAMPOS HOTELARIA,TULIP CAMPOS HOTELARIA,FERNANDES ARAÚJO,GME AEROSPACE,Guaraciaba Transmissora de Energia,AXXON (RHMED),HI MIDIA,,,,,,,,,,,F,F,
80,,,,,,,,,,,,,,,ESSECO DO BRASIL,GLOBO - AERO RIO,FAZENDA FUTURO,GLOBO - FRM/C.FUTURA,GME AEROSPACE,AXXON (RHMED),,AXXON (RHMED),Orthopride (PRKS),F,F,GLOBO - ED. GLOBO COND NAST,OMPI DO BRASIL ,ARAGUAIA/DESIDERATA,,PETRO CHINA,SuaTV e Influency.me,TULIP CAMPOS HOTELARIA,QV SAUDE,FERNANDES ARAÚJO,GME AEROSPACE,Guaraciaba Transmissora de Energia,AXXON (RHMED),UFI Filter,,,,,,,,,,,F,F,
81,,,,,,,,,,,,,,,SuaTV e Influency.me,TI LATAM AUP,TI LATAM AUP,KOMPASS ENERGIA,GLOBO - FRM/C.FUTURA,EVER BRASIL ,,OMPI DO BRASIL ,Orthopride (PRKS),F,F,Orthopride (PRKS),HI MIDIA,,,ARCHER,STEAG,QV SAUDE,ESSECO DO BRASIL,Guaraciaba Transmissora de Energia,GLOBO - FRM/C.FUTURA,GLOBO - ED. GLOBO COND NAST,OMPI DO BRASIL ,FUNDO PATRIMONIAL RJZ,,,,,,,,,,,F,F,
82,,,,,,,,,,,,,,,STEAG,,,KOMPASS ENERGIA,GLOBO - FRM/C.FUTURA,"CLARKE, MODET Y CIA. S.L. BRASIL",,HI MIDIA,FUNDO PATRIMONIAL RJZ,F,F,Orthopride (PRKS),UFI Filter,,,QUANTUM,MARLIN AZUL,ESSECO DO BRASIL,PETRO CHINA,Guaraciaba Transmissora de Energia,GLOBO - FRM/C.FUTURA,GLOBO - ED. GLOBO COND NAST,HI MIDIA,FAZENDA FUTURO,,,,,,,,,,,F,F,
83,,,,,,,,,,,,,,,MARLIN AZUL,,,EVER BRASIL ,AXXON (RHMED),Fundação Euclides da Cunha,,UFI Filter,Geogas,F,F,Geogas,INSTITUTO DA CRIANÇA,,,CONFIANCE MEDICAL,CONFIANCE MEDICAL,PETRO CHINA,SuaTV e Influency.me,DILETTO (Sardinia Investimentos),KOMPASS ENERGIA,GME AEROSPACE,UFI Filter,ALLSEAS,,,,,,,,,,,F,F,
84,,,,,,,,,,,,,,,GLOBO - AERO RIO,,,"CLARKE, MODET Y CIA. S.L. BRASIL",AXXON (RHMED),GREEN OIL,,FUNDO PATRIMONIAL RJZ,,F,F,,ARAGUAIA/DESIDERATA,,,CALEFFI BRASIL AUP,Planeta / DeAgostini,SuaTV e Influency.me,ARCHER,DILETTO (Sardinia Investimentos),KOMPASS ENERGIA,GME AEROSPACE,FUNDO PATRIMONIAL RJZ,,,,,,,,,,,,F,F,
85,,,,,,,,,,,,,,,Planeta / DeAgostini,,,Fundação Euclides da Cunha,VITOL,VITOL,,NAVAL GROUP,,F,F,,,,,,,ARCHER,STEAG,GME AEROSPACE,EVER BRASIL ,GEFCO,FAZENDA FUTURO,,,,,,,,,,,,F,F,
86,,,,,,,,,,,,,,,,,,GREEN OIL,ALLSEAS,COCA COLA INSTITUTO,,,,F,F,,,,,,,STEAG,QUANTUM,GME AEROSPACE,"CLARKE, MODET Y CIA. S.L. BRASIL",GEFCO,ALLSEAS,,,,,,,,,,,,F,F,
87,,,,,,,,,,,,,,,,,,FAZENDA FUTURO,,,,,,F,F,,,,,,,QUANTUM,MARLIN AZUL,DINACO,Fundação Euclides da Cunha,GLOBO - FRM/C.FUTURA,,,,,,,,,,,,,F,F,
88,,,,,,,,,,,,,,,,,,ALLSEAS,,,,,,F,F,,,,,,,MARLIN AZUL,INSTITUTO DA CRIANÇA,DINACO,GREEN OIL,GLOBO - FRM/C.FUTURA,,,,,,,,,,,,,F,F,
89,,,,,,,,,,,,,,,,,,,,,,,,F,F,,,,,,,INSTITUTO DA CRIANÇA,CONFIANCE MEDICAL,GLOBO - FRM/C.FUTURA,GLOBO - AERO RIO,Orthopride (PRKS),,,,,,,,,,,,,F,F,
90,,,,,,,,,,,,,,,,,,,,,,,,F,F,,,,,,,CONFIANCE MEDICAL,VITOL,GLOBO - FRM/C.FUTURA,TI LATAM AUP,Orthopride (PRKS),,,,,,,,,,,,,F,F,
91,,,,,,,,,,,,,,,,,,,,,,,,F,F,,,,,,,VITOL,NAVAL GROUP,TULIP CAMPOS HOTELARIA,,KOMPASS ENERGIA,,,,,,,,,,,,,F,F,
92,,,,,,,,,,,,,,,,,,,,,,,,F,F,,,,,,,NAVAL GROUP,Geogas,TULIP CAMPOS HOTELARIA,,KOMPASS ENERGIA,,,,,,,,,,,,,F,F,
93,,,,,,,,,,,,,,,,,,,,,,,,F,F,,,,,,,Geogas,ARAGUAIA/DESIDERATA,KOMPASS ENERGIA,,AXXON (RHMED),,,,,,,,,,,,,F,F,
94,,,,,,,,,,,,,,,,,,,,,,,,F,F,,,,,,,ARAGUAIA/DESIDERATA,CALEFFI BRASIL AUP,KOMPASS ENERGIA,,AXXON (RHMED),,,,,,,,,,,,,F,F,
95,,,,,,,,,,,,,,,,,,,,,,,,F,F,,,,,,,CALEFFI BRASIL AUP,Planeta / DeAgostini,QV SAUDE,,EVER BRASIL ,,,,,,,,,,,,,F,F,
96,,,,,,,,,,,,,,,,,,,,,,,,F,F,,,,,,,Planeta / DeAgostini,COCA COLA INSTITUTO,ESSECO DO BRASIL,,OMPI DO BRASIL ,,,,,,,,,,,,,F,F,
97,,,,,,,,,,,,,,,,,,,,,,,,F,F,,,,,,,COCA COLA INSTITUTO,,EVER BRASIL ,,"CLARKE, MODET Y CIA. S.L. BRASIL",,,,,,,,,,,,,F,F,
98,,,,,,,,,,,,,,,,,,,,,,,,F,F,,,,,,,,,PETRO CHINA,,HI MIDIA,,,,,,,,,,,,,F,F,
99,,,,,,,,,,,,,,,,,,,,,,,,F,F,,,,,,,,,SuaTV e Influency.me,,Fundação Euclides da Cunha,,,,,,,,,,,,,F,F,
100,,,,,,,,,,,,,,,,,,,,,,,,F,F,,,,,,,,,"CLARKE, MODET Y CIA. S.L. BRASIL",,UFI Filter,,,,,,,,,,,,,F,F,
101,,,,,,,,,,,,,,,,,,,,,,,,F,F,,,,,,,,,ARCHER,,GREEN OIL,,,,,,,,,,,,,F,F,
102,,,,,,,,,,,,,,,,,,,,,,,,F,F,,,,,,,,,STEAG,,FUNDO PATRIMONIAL RJZ,,,,,,,,,,,,,F,F,
103,,,,,,,,,,,,,,,,,,,,,,,,F,F,,,,,,,,,Fundação Euclides da Cunha,,GLOBO - AERO RIO,,,,,,,,,,,,,F,F,
104,,,,,,,,,,,,,,,,,,,,,,,,F,F,,,,,,,,,QUANTUM,,FAZENDA FUTURO,,,,,,,,,,,,,F,F,
105,,,,,,,,,,,,,,,,,,,,,,,,F,F,,,,,,,,,MARLIN AZUL,,TI LATAM AUP,,,,,,,,,,,,,F,F,
106,,,,,,,,,,,,,,,,,,,,,,,,F,F,,,,,,,,,GREEN OIL,,ALLSEAS,,,,,,,,,,,,,F,F,
107,,,,,,,,,,,,,,,,,,,,,,,,F,F,,,,,,,,,INSTITUTO DA CRIANÇA,,,,,,,,,,,,,,,F,F,
108,,,,,,,,,,,,,,,,,,,,,,,,F,F,,,,,,,,,CONFIANCE MEDICAL,,,,,,,,,,,,,,,F,F,
109,,,,,,,,,,,,,,,,,,,,,,,,F,F,,,,,,,,,GLOBO - AERO RIO,,,,,,,,,,,,,,,F,F,
110,,,,,,,,,,,,,,,,,,,,,,,,F,F,,,,,,,,,VITOL,,,,,,,,,,,,,,,F,F,
111,,,,,,,,,,,,,,,,,,,,,,,,F,F,,,,,,,,,NAVAL GROUP,,,,,,,,,,,,,,,F,F,
112,,,,,,,,,,,,,,,,,,,,,,,,F,F,,,,,,,,,Geogas,,,,,,,,,,,,,,,F,F,
113,,,,,,,,,,,,,,,,,,,,,,,,F,F,,,,,,,,,ARAGUAIA/DESIDERATA,,,,,,,,,,,,,,,F,F,
114,,,,,,,,,,,,,,,,,,,,,,,,F,F,,,,,,,,,CALEFFI BRASIL AUP,,,,,,,,,,,,,,,F,F,
115,,,,,,,,,,,,,,,,,,,,,,,,F,F,,,,,,,,,Planeta / DeAgostini,,,,,,,,,,,,,,,F,F,
116,,,,,,,,,,,,,,,,,,,,,,,,F,F,,,,,,,,,TI LATAM AUP,,,,,,,,,,,,,,,F,F,
117,,,,,,,,,,,,,,,,,,,,,,,,F,F,,,,,,,,,COCA COLA INSTITUTO,,,,,,,,,,,,,,,F,F,
118,,,,,,,,,,,,,,,,,,,,,,,,F,F,,,,,,,,,,,,,,,,,,,,,,,,F,F,
119,,,,,,,,,,,,,,,,,,,,,,,,F,F,,,,,,,,,,,,,,,,,,,,,,,,F,F,
120,,,,,,,,,,,,,,,,,,,,,,,,F,F,,,,,,,,,,,,,,,,,,,,,,,,F,F,
121,,,,,,,,,,,,,,,,,,,,,,,,F,F,,,,,,,,,,,,,,,,,,,,,,,,F,F,
122,,,,,,,,,,,,,,,,,,,,,,,,F,F,,,,,,,,,,,,,,,,,,,,,,,,F,F,
123,,,,,,,,,,,,,,,,,,,,,,,,F,F,,,,,,,,,,,,,,,,,,,,,,,,F,F,
124,,,,,,,,,,,,,,,,,,,,,,,,F,F,,,,,,,,,,,,,,,,,,,,,,,,F,F,
125,,,,,,,,,,,,,,,,,,,,,,,,F,F,,,,,,,,,,,,,,,,,,,,,,,,F,F,
126,,,,,,,,,,,,,,,,,,,,,,,,F,F,,,,,,,,,,,,,,,,,,,,,,,,F,F,
127,,,,,,,,,,,,,,,,,,,,,,,,F,F,,,,,,,,,,,,,,,,,,,,,,,,F,F,
128,,,,,,,,,,,,,,,,,,,,,,,,F,F,,,,,,,,,,,,,,,,,,,,,,,,F,F,
129,,,,,,,,,,,,,,,,,,,,,,,,F,F,,,,,,,,,,,,,,,,,,,,,,,,F,F,
130,,,,,,,,,,,,,,,,,,,,,,,,F,F,,,,,,,,,,,,,,,,,,,,,,,,F,F,
131,,,,,,,,,,,,,,,,,,,,,,,,F,F,,,,,,,,,,,,,,,,,,,,,,,,F,F,
132,,,,,,,,,,,,,,,,,,,,,,,,F,F,,,,,,,,,,,,,,,,,,,,,,,,F,F,
133,,,,,,,,,,,,,,,,,,,,,,,,F,F,,,,,,,,,,,,,,,,,,,,,,,,F,F,
134,,,,,,,,,,,,,,,,,,,,,,,,F,F,,,,,,,,,,,,,,,,,,,,,,,,F,F,
135,,,,,,,,,,,,,,,,,,,,,,,,F,F,,,,,,,,,,,,,,,,,,,,,,,,F,F,
136,,,,,,,,,,,,,,,,,,,,,,,,F,F,,,,,,,,,,,,,,,,,,,,,,,,F,F,
137,,,,,,,,,,,,,,,,,,,,,,,,F,F,,,,,,,,,,,,,,,,,,,,,,,,F,F,
138,,,,,,,,,,,,,,,,,,,,,,,,F,F,,,,,,,,,,,,,,,,,,,,,,,,F,F,
139,,,,,,,,,,,,,,,,,,,,,,,,F,F,,,,,,,,,,,,,,,,,,,,,,,,F,F,
140,,,,,,,,,,,,,,,,,,,,,,,,F,F,,,,,,,,,,,,,,,,,,,,,,,,F,F,
141,,,,,,,,,,,,,,,,,,,,,,,,F,F,,,,,,,,,,,,,,,,,,,,,,,,F,F,
142,,,,,,,,,,,,,,,,,,,,,,,,F,F,,,,,,,,,,,,,,,,,,,,,,,,F,F,
143,,,,,,,,,,,,,,,,,,,,,,,,F,F,,,,,,,,,,,,,,,,,,,,,,,,F,F,
144,,,,,,,,,,,,,,,,,,,,,,,,F,F,,,,,,,,,,,,,,,,,,,,,,,,F,F,
145,,,,,,,,,,,,,,,,,,,,,,,,F,F,,,,,,,,,,,,,,,,,,,,,,,,F,F,
146,,,,,,,,,,,,,,,,,,,,,,,,F,F,,,,,,,,,,,,,,,,,,,,,,,,F,F,
147,,,,,,,,,,,,,,,,,,,,,,,,F,F,,,,,,,,,,,,,,,,,,,,,,,,F,F,
148,,,,,,,,,,,,,,,,,,,,,,,,F,F,,,,,,,,,,,,,,,,,,,,,,,,F,F,
149,,,,,,,,,,,,,,,,,,,,,,,,F,F,,,,,,,,,,,,,,,,,,,,,,,,F,F,
150,,,,,,,,,,,,,,,,,,,,,,,,F,F,,,,,,,,,,,,,,,,,,,,,,,,F,F,
151,,,,,,,,,,,,,,,,,,,,,,,,F,F,,,,,,,,,,,,,,,,,,,,,,,,F,F,
152,,,,,,,,,,,,,,,,,,,,,,,,F,F,,,,,,,,,,,,,,,,,,,,,,,,F,F,
153,,,,,,,,,,,,,,,,,,,,,,,,F,F,,,,,,,,,,,,,,,,,,,,,,,,F,F,
154,,,,,,,,,,,,,,,,,,,,,,,,F,F,,,,,,,,,,,,,,,,,,,,,,,,F,F,
155,,,,,,,,,,,,,,,,,,,,,,,,F,F,,,,,,,,,,,,,,,,,,,,,,,,F,F,
156,,,,,,,,,,,,,,,,,,,,,,,,F,F,,,,,,,,,,,,,,,,,,,,,,,,F,F,
157,,,,,,,,,,,,,,,,,,,,,,,,F,F,,,,,,,,,,,,,,,,,,,,,,,,F,F,
158,,,,,,,,,,,,,,,,,,,,,,,,F,F,,,,,,,,,,,,,,,,,,,,,,,,F,F,
159,,,,,,,,,,,,,,,,,,,,,,,,F,F,,,,,,,,,,,,,,,,,,,,,,,,F,F,
160,,,,,,,,,,,,,,,,,,,,,,,,F,F,,,,,,,,,,,,,,,,,,,,,,,,F,F,
161,,,,,,,,,,,,,,,,,,,,,,,,F,F,,,,,,,,,,,,,,,,,,,,,,,,F,F,
162,,,,,,,,,,,,,,,,,,,,,,,,F,F,,,,,,,,,,,,,,,,,,,,,,,,F,F,
163,,,,,,,,,,,,,,,,,,,,,,,,F,F,,,,,,,,,,,,,,,,,,,,,,,,F,F,
164,,,,,,,,,,,,,,,,,,,,,,,,F,F,,,,,,,,,,,,,,,,,,,,,,,,F,F,
165,,,,,,,,,,,,,,,,,,,,,,,,F,F,,,,,,,,,,,,,,,,,,,,,,,,F,F,
